序号,商品名,规格,单位,CJID
1,阿胶珠(JZ),3g*1包,包,12576
2,矮地茶（JZ）,15g*1包,包,12584
3,矮地茶（JZ）,10g*1包,包,12582
4,艾叶(JZ),10g*1包,包,12577
5,艾叶炭(JZ),5g*1包,包,12578
6,艾叶炭(JZ),3g*1包,包,14283
7,安痛藤（JZ）,5g*1包,包,12585
8,安痛藤(JZ),10g*1包,包,12588
9,菝葜(JZ),10g*1包,包,12589
10,菝葜(JZ),15g*1包,包,12591
11,白矾(JZ),5g*1包,包,12593
12,白果仁(JZ),5g*1包,包,12594
13,白果仁(JZ),10g*1包,包,12595
14,白花蛇舌草(JZ),10g*1包,包,12596
15,白花蛇舌草(JZ),15g*1包,包,12598
16,白及(JZ),15g*1包,包,12599
17,白及(JZ),10g*1包,包,12601
18,白蔹（JZ）,10g*1包,包,13098
19,白茅根（JZ）,10g*1包,包,12579
20,白茅根（JZ）,15g*1包,包,12580
21,白前(JZ),5g*1包,包,12602
22,白前(JZ),10g*1包,包,12604
23,白芍（JZ）,15g*1包,包,12609
24,白芍(JZ),10g*1包,包,12606
25,白芍(JZ),5g*1包,包,14299
26,白术（JZ）,5g*1包,包,14309
27,白术（JZ）,10g*1包,包,12581
28,白术（JZ）,15g*1包,包,12583
29,白头翁（JZ）,10g*1包,包,13111
30,白头翁（JZ）,5g*1包,包,13102
31,白薇(JZ),10g*1包,包,12610
32,白鲜皮（JZ）,10g*1包,包,13117
33,白鲜皮（JZ）,15g*1包,包,13121
34,白英(JZ),10g*1包,包,12611
35,白英(JZ),15g*1包,包,12612
36,白芷(JZ),10g*1包,包,12614
37,白芷(JZ),15g*1包,包,12615
38,白芷(JZ),5g*1包,包,14300
39,百部（JZ）,5g*1包,包,14310
40,百部（JZ）,10g*1包,包,13127
41,百部（JZ）,15g*1包,包,13124
42,百合(JZ),10g*1包,包,12616
43,百合(JZ),15g*1包,包,12617
44,百合(JZ),5g*1包,包,14279
45,柏子仁(JZ),5g*1包,包,14301
46,柏子仁(JZ),15g*1包,包,12619
47,柏子仁(JZ),10g*1包,包,12656
48,败酱草(JZ),10g*1包,包,12657
49,败酱草(JZ),15g*1包,包,12659
50,板蓝根(JZ),10g*1包,包,12660
51,板蓝根(JZ),15g*1包,包,12662
52,半边莲（JZ）,10g*1包,包,12586
53,半边莲（JZ）,15g*1包,包,12587
54,半枝莲(JZ),10g*1包,包,13458
55,半枝莲(JZ),15g*1包,包,13459
56,北沙参(JZ),15g*1包,包,12667
57,北沙参(JZ),10g*1包,包,12668
58,荜茇(JZ),5g*1包,包,12669
59,荜澄茄(JZ),5g*1包,包,12670
60,萹蓄(JZ),10g*1包,包,12671
61,萹蓄(JZ),15g*1包,包,12672
62,扁豆花(JZ),10g*1包,包,12622
63,槟榔（JZ）,5g*1包,包,12590
64,槟榔（JZ）,10g*1包,包,12592
65,薄荷(JZ),5g*1包,包,12664
66,薄荷(JZ),10g*1包,包,12666
67,蚕沙(JZ),10g*1包,包,12673
68,蚕沙(JZ),15g*1包,包,12674
69,草豆蔻（JZ）,5g*1包,包,13132
70,草豆蔻（JZ）,10g*1包,包,13135
71,侧柏炭(JZ),5g*1包,包,12675
72,侧柏炭(JZ),10g*1包,包,12676
73,侧柏叶（JZ）,10g*1包,包,12600
74,侧柏叶（JZ）,15g*1包,包,12597
75,蝉蜕（JZ）,10g*1包,包,12605
76,蝉蜕（JZ）,5g*1包,包,12603
77,燀苦杏仁(JZ),5g*1包,包,12677
78,燀苦杏仁(JZ),10g*1包,包,12678
79,燀桃仁(JZ),5g*1包,包,12679
80,燀桃仁(JZ),10g*1包,包,12681
81,炒白扁豆(JZ),15g*1包,包,12682
82,炒白扁豆(JZ),10g*1包,包,12684
83,炒壁虎(JZ),5g*1包,包,12989
84,炒苍耳子(JZ),5g*1包,包,12685
85,炒苍耳子(JZ),10g*1包,包,12686
86,炒茺蔚子(JZ),10g*1包,包,12727
87,炒川楝子(JZ),5g*1包,包,12688
88,炒川楝子(JZ),10g*1包,包,12689
89,炒稻芽（JZ）,15g*1包,包,12607
90,炒稻芽（JZ）,10g*1包,包,12608
91,炒地龙(JZ),5g*1包,包,12692
92,炒地龙(JZ),10g*1包,包,12693
93,炒冬瓜子(JZ),15g*1包,包,12695
94,炒冬瓜子(JZ),10g*1包,包,12696
95,炒火麻仁(JZ),10g*1包,包,12697
96,炒火麻仁(JZ),15g*1包,包,12699
97,炒鸡内金(JZ),15g*1包,包,12700
98,炒鸡内金(JZ),10g*1包,包,12701
99,炒鸡内金（JZ）,5g*1包,包,14311
100,炒蒺藜（JZ）,5g*1包,包,13140
101,炒蒺藜(JZ),10g*1包,包,13142
102,炒僵蚕(JZ),5g*1包,包,12702
103,炒僵蚕(JZ),10g*1包,包,12704
104,炒芥子（JZ）,10g*1包,包,12618
105,炒芥子（JZ）,6g*1包,包,12613
106,炒九香虫（JZ）,5g*1包,包,13145
107,炒九香虫（JZ）,10g*1包,包,13150
108,炒决明子(JZ),10g*1包,包,12705
109,炒决明子(JZ),15g*1包,包,12706
110,炒莱菔子（JZ）,6g*1包,包,13153
111,炒莱菔子（JZ）,10g*1包,包,13156
112,炒莱菔子（JZ）,15g*1包,包,13160
113,炒麦芽（JZ）,10g*1包,包,12620
114,炒麦芽（JZ）,15g*1包,包,12621
115,炒蔓荆子(JZ),5g*1包,包,12707
116,炒蔓荆子(JZ),10g*1包,包,12709
117,炒牛蒡子(JZ),10g*1包,包,12710
118,炒牛蒡子(JZ),5g*1包,包,14284
119,炒牵牛子(JZ),3g*1包,包,12712
120,炒牵牛子(JZ),5g*1包,包,12713
121,炒酸枣仁（JZ）,10g*1包,包,13164
122,炒酸枣仁（JZ）,15g*1包,包,13167
123,炒酸枣仁(JZ),5g*1包,包,14280
124,炒葶苈子(JZ),5g*1包,包,13170
125,炒葶苈子(JZ),10g*1包,包,13173
126,炒葶苈子(JZ),15g*1包,包,13176
127,炒王不留行(JZ),10g*1包,包,12714
128,炒紫苏子(JZ),5g*1包,包,12716
129,炒紫苏子(JZ),10g*1包,包,12717
130,车前草(JZ),10g*1包,包,12719
131,车前草(JZ),15g*1包,包,12720
132,沉香(JZ),5g*1包,包,12648
133,沉香(JZ),3g*1包,包,12646
134,陈皮(JZ),5g*1包,包,12722
135,陈皮(JZ),10g*1包,包,12723
136,陈皮（JZ）,3g*1包,包,14312
137,赤芍(JZ),10g*1包,包,12724
138,赤芍(JZ),15g*1包,包,12726
139,赤小豆（JZ）,10g*1包,包,12623
140,赤小豆（JZ）,15g*1包,包,12626
141,臭牡丹（JZ）,10g*1包,包,12627
142,臭牡丹（JZ）,15g*1包,包,12629
143,楮实子(JZ),5g*1包,包,12729
144,楮实子(JZ),10g*1包,包,12730
145,川贝母(JZ),5g*1包,包,13185
146,川贝母（JZ）,3g*1包,包,13178
147,川木通(JZ),5g*1包,包,12731
148,川牛膝(JZ),5g*1包,包,12732
149,川牛膝（JZ）,10g*1包,包,12734
150,川芎（JZ）,10g*1包,包,12635
151,川芎（JZ）,5g*1包,包,12632
152,川芎(JZ),3g*1包,包,14292
153,穿破石（JZ）,5g*1包,包,12737
154,穿破石（JZ）,10g*1包,包,12738
155,穿心莲（JZ）,5g*1包,包,12739
156,垂盆草（JZ）,5g*1包,包,12741
157,垂盆草（JZ）,10g*1包,包,12742
158,刺五加（JZ）,5g*1包,包,12743
159,刺五加（JZ）,10g*1包,包,12744
160,楤木（JZ）,10g*1包,包,12747
161,醋北柴胡（JZ）,10g*1包,包,13191
162,醋北柴胡（JZ）,5g*1包,包,13188
163,醋鳖甲（JZ）,10g*1包,包,12749
164,醋鳖甲（JZ）,15g*1包,包,12750
165,醋莪术（JZ）,5g*1包,包,12751
166,醋莪术（JZ）,10g*1包,包,12753
167,醋龟甲（JZ）,10g*1包,包,12754
168,醋龟甲（JZ）,15g*1包,包,12756
169,醋没药（JZ）,6g*1包,包,12757
170,醋没药（JZ),10g*1包,包,12759
171,醋乳香(JZ),6g*1包,包,12760
172,醋乳香(JZ),10g*1包,包,12761
173,醋三棱(JZ),5g*1包,包,12624
174,醋三棱(JZ),10g*1包,包,12625
175,醋五灵脂（JZ）,5g*1包,包,12641
176,醋五灵脂（JZ）,10g*1包,包,12644
177,醋五味子（JZ）,5g*1包,包,12647
178,醋五味子（JZ）,10g*1包,包,12650
179,醋香附(JZ),5g*1包,包,12762
180,醋香附(JZ),10g*1包,包,12763
181,醋延胡索(JZ),5g*1包,包,12767
182,醋延胡索(JZ),10g*1包,包,12768
183,大风子仁(JZ),3g*1包,包,12651
184,大腹毛(JZ),5g*1包,包,12769
185,大腹毛(JZ),10g*1包,包,12771
186,大黄（JZ）,5g*1包,包,12653
187,大黄（JZ）,10g*1包,包,12655
188,大黄炭(JZ),10g*1包,包,12652
189,大蓟炭(JZ),10g*1包,包,12773
190,大青叶(JZ),15g*1包,包,12774
191,大青叶(JZ),10g*1包,包,12775
192,大伸筋（JZ）,10g*1包,包,12658
193,大伸筋（JZ）,15g*1包,包,12661
194,大血藤(JZ),10g*1包,包,12776
195,大血藤(JZ),15g*1包,包,12777
196,大枣(JZ),10g*1包,包,12778
197,丹参(JZ),10g*1包,包,12779
198,丹参(JZ),15g*1包,包,12780
199,丹参（JZ）,5g*1包,包,14313
200,淡豆豉（JZ）,5g*1包,包,12663
201,淡豆豉(JZ),10g*1包,包,12665
202,淡竹叶(JZ),5g*1包,包,12781
203,淡竹叶(JZ),10g*1包,包,12782
204,当归(JZ),15g*1包,包,12630
205,当归(JZ),10g*1包,包,12628
206,当归(JZ),5g*1包,包,14285
207,当归尾（JZ）,5g*1包,包,12680
208,当归尾（JZ）,10g*1包,包,12683
209,党参(JZ),10g*1包,包,12783
210,党参(JZ),15g*1包,包,12784
211,灯心草(JZ),3g*1包,包,12793
212,地耳草（JZ）,10g*1包,包,13195
213,地耳草（JZ）,15g*1包,包,13198
214,地肤子(JZ),10g*1包,包,12785
215,地肤子(JZ),15g*1包,包,12786
216,地骨皮(JZ),15g*1包,包,12787
217,地骨皮(JZ),10g*1包,包,12788
218,地锦草(JZ),5g*1包,包,12789
219,地锦草(JZ),10g*1包,包,12790
220,地榆(JZ),15g*1包,包,12791
221,地榆(JZ),10g*1包,包,12792
222,地榆炭（JZ）,10g*1包,包,12690
223,地榆炭（JZ）,15g*1包,包,12687
224,丁香(JZ),3g*1包,包,12794
225,丁香(JZ),5g*1包,包,12795
226,冬瓜皮(JZ),15g*1包,包,12796
227,冬瓜皮(JZ),10g*1包,包,12797
228,冬葵果(JZ),5g*1包,包,12798
229,冬葵果(JZ),10g*1包,包,12799
230,冬凌草(JZ),10g*1包,包,12800
231,冬凌草(JZ),15g*1包,包,12801
232,豆蔻(JZ),5g*1包,包,12802
233,豆蔻(JZ),10g*1包,包,12803
234,独活（JZ）,5g*1包,包,12694
235,独活（JZ）,10g*1包,包,12698
236,煅赤石脂(JZ),5g*1包,包,12804
237,煅赤石脂(JZ),10g*1包,包,12805
238,煅赤石脂(JZ),15g*1包,包,12806
239,煅磁石(JZ),10g*1包,包,12807
240,煅磁石(JZ),15g*1包,包,12808
241,煅蛤壳(JZ),10g*1包,包,12809
242,煅蛤壳(JZ),15g*1包,包,12810
243,煅花蕊石(JZ),10g*1包,包,12811
244,煅龙骨(JZ),10g*1包,包,12812
245,煅龙骨(JZ),15g*1包,包,12813
246,煅牡蛎(JZ),10g*1包,包,12814
247,煅牡蛎(JZ),15g*1包,包,12815
248,煅青礞石(JZ),5g*1包,包,12816
249,煅青礞石(JZ),10g*1包,包,12817
250,煅蛇含石(JZ),10g*1包,包,12631
251,煅石膏(JZ),10g*1包,包,12818
252,煅石决明(JZ),10g*1包,包,12819
253,煅石决明(JZ),15g*1包,包,12820
254,煅瓦楞子(JZ),10g*1包,包,12821
255,煅瓦楞子(JZ),15g*1包,包,12822
256,煅赭石(JZ),10g*1包,包,12823
257,煅赭石(JZ),15g*1包,包,12825
258,煅珍珠母(JZ),10g*1包,包,12827
259,煅珍珠母(JZ),15g*1包,包,12828
260,煅钟乳石(JZ),10g*1包,包,12703
261,煅紫石英（JZ）,10g*1包,包,13203
262,煅紫石英（JZ）,15g*1包,包,13204
263,煅自然铜(JZ),10g*1包,包,12708
264,煅自然铜(JZ),15g*1包,包,12711
265,鹅不食草(JZ),5g*1包,包,12715
266,儿茶(JZ),3g*1包,包,12829
267,儿茶(JZ),10g*1包,包,12831
268,法半夏(JZ),5g*1包,包,12718
269,法半夏(JZ),10g*1包,包,12721
270,番泻叶(JZ),5g*1包,包,12728
271,番泻叶(JZ),3g*1包,包,12725
272,防风（JZ）,5g*1包,包,13207
273,防风（JZ）,10g*1包,包,13210
274,防风炭 (JZ),10g*1包,包,12649
275,防己(JZ),5g*1包,包,12832
276,防己(JZ),10g*1包,包,12833
277,蜂房（JZ）,10g*1包,包,13215
278,蜂房（JZ）,5g*1包,包,13213
279,凤尾草（JZ）,15g*1包,包,12735
280,凤尾草（JZ）,10g*1包,包,12733
281,凤仙透骨草(JZ),15g*1包,包,12835
282,凤仙透骨草(JZ),10g*1包,包,12836
283,佛手(JZ),5g*1包,包,12852
284,佛手(JZ),10g*1包,包,12853
285,麸炒苍术（JZ）,5g*1包,包,12736
286,麸炒苍术（JZ）,10g*1包,包,12740
287,麸炒海螵蛸(JZ),5g*1包,包,12838
288,麸炒海螵蛸(JZ),10g*1包,包,12839
289,麸炒青皮(JZ),5g*1包,包,12841
290,麸炒青皮(JZ),10g*1包,包,12842
291,麸炒乌药(JZ),5g*1包,包,12843
292,麸炒乌药(JZ),10g*1包,包,12845
293,麸炒枳壳(JZ),5g*1包,包,12846
294,麸炒枳壳(JZ),10g*1包,包,12847
295,麸炒枳实(JZ),5g*1包,包,12849
296,麸炒枳实(JZ),10g*1包,包,12850
297,茯苓（JZ）,10g*1包,包,12745
298,茯苓（JZ）,15g*1包,包,12746
299,茯苓(JZ),5g*1包,包,14281
300,茯苓皮（JZ）,15g*1包,包,12748
301,茯苓皮（JZ）,10g*1包,包,12752
302,茯神(JZ),15g*1包,包,12855
303,茯神(JZ),10g*1包,包,12863
304,浮海石（JZ）,15g*1包,包,13219
305,浮海石（JZ）,10g*1包,包,13223
306,浮萍(JZ),5g*1包,包,12865
307,浮萍(JZ),10g*1包,包,12866
308,浮小麦（JZ）,10g*1包,包,12758
309,浮小麦（JZ）,15g*1包,包,12755
310,附片（黑顺片）(JZ),5g*1包,包,12867
311,覆盆子(JZ),5g*1包,包,12868
312,覆盆子(JZ),10g*1包,包,12869
313,干姜(JZ),5g*1包,包,12875
314,干姜(JZ),10g*1包,包,12876
315,甘草(JZ),10g*1包,包,12874
316,甘草(JZ),3g*1包,包,12871
317,甘草(JZ),5g*1包,包,12872
318,甘松（JZ）,5g*1包,包,12764
319,岗梅（JZ）,10g*1包,包,12765
320,岗梅（JZ）,15g*1包,包,12766
321,高良姜(JZ),5g*1包,包,12884
322,高良姜(JZ),10g*1包,包,12885
323,葛根（JZ）,15g*1包,包,12772
324,葛根（JZ）,10g*1包,包,12770
325,葛花（JZ）,5g*1包,包,12824
326,钩藤(JZ),5g*1包,包,12887
327,钩藤(JZ),10g*1包,包,12888
328,枸杞子（JZ）,10g*1包,包,12826
329,枸杞子（JZ）,15g*1包,包,12830
330,谷精草（JZ）,10g*1包,包,13236
331,谷芽(JZ),10g*1包,包,12890
332,谷芽(JZ),15g*1包,包,12891
333,瓜蒌皮(JZ),5g*1包,包,12893
334,瓜蒌皮(JZ),10g*1包,包,12894
335,瓜蒌子(JZ),10g*1包,包,12895
336,瓜蒌子(JZ),15g*1包,包,12897
337,贯叶金丝桃(JZ),3g*1包,包,12898
338,广藿香（JZ）,5g*1包,包,12834
339,广藿香（JZ）,10g*1包,包,12837
340,鬼箭羽(JZ),5g*1包,包,12903
341,鬼箭羽(JZ),10g*1包,包,12905
342,鬼针草(JZ),10g*1包,包,12906
343,桂枝（JZ）,5g*1包,包,12840
344,桂枝（JZ）,10g*1包,包,12844
345,桂枝(JZ),3g*1包,包,14302
346,海风藤(JZ),5g*1包,包,12908
347,海风藤(JZ),10g*1包,包,12909
348,海金沙(JZ),10g*1包,包,12910
349,海金沙(JZ),15g*1包,包,12913
350,海桐皮（JZ）,10g*1包,包,12856
351,海桐皮（JZ）,15g*1包,包,12848
352,海藻(JZ),5g*1包,包,12914
353,海藻(JZ),10g*1包,包,12915
354,诃子肉（JZ）,5g*1包,包,13240
355,诃子肉（JZ）,10g*1包,包,13242
356,合欢花(JZ),5g*1包,包,13002
357,合欢花(JZ),10g*1包,包,13003
358,合欢皮（JZ）,5g*1包,包,12851
359,合欢皮（JZ）,10g*1包,包,12854
360,荷叶(JZ),5g*1包,包,13004
361,荷叶(JZ),10g*1包,包,13005
362,荷叶蒂(JZ),5g*1包,包,13006
363,荷叶蒂(JZ),10g*1包,包,13007
364,黑豆(JZ),15g*1包,包,13008
365,黑豆(JZ),10g*1包,包,13009
366,黑芝麻(JZ),10g*1包,包,13010
367,红参片(JZ),5g*1包,包,13011
368,红参片(JZ),10g*1包,包,13013
369,红参须（JZ）,5g*1包,包,12857
370,红参须（JZ）,10g*1包,包,12858
371,红花（JZ）,5g*1包,包,12859
372,红花（JZ）,10g*1包,包,12860
373,红景天（JZ）,5g*1包,包,12861
374,厚朴花(JZ),5g*1包,包,13014
375,胡黄连(JZ),5g*1包,包,13015
376,胡黄连(JZ),10g*1包,包,13016
377,胡颓子根(JZ),10g*1包,包,12862
378,胡颓子根(JZ),15g*1包,包,12864
379,槲寄生(JZ),10g*1包,包,13018
380,槲寄生(JZ),15g*1包,包,13019
381,虎杖(JZ),15g*1包,包,13020
382,虎杖(JZ),10g*1包,包,13021
383,琥珀(JZ),3g*1包,包,13022
384,花椒(JZ),5g*1包,包,13023
385,花椒(JZ),10g*1包,包,13025
386,滑石粉(JZ),5g*1包,包,13026
387,滑石粉(JZ),10g*1包,包,13027
388,滑石粉(JZ),15g*1包,包,13028
389,化橘红(JZ),5g*1包,包,13030
390,化橘红(JZ),10g*1包,包,13031
391,槐花(JZ),5g*1包,包,13032
392,槐花(JZ),10g*1包,包,13033
393,槐花炭(JZ),5g*1包,包,13035
394,黄柏(JZ),5g*1包,包,13036
395,黄柏(JZ),10g*1包,包,13038
396,黄连片（JZ）,3g*1包,包,13246
397,黄连片（JZ）,5g*1包,包,13248
398,黄连片（JZ）,10g*1包,包,13251
399,黄芪(JZ),10g*1包,包,13039
400,黄芪(JZ),15g*1包,包,13040
401,黄芩(JZ),10g*1包,包,12873
402,黄芩(JZ),5g*1包,包,12870
403,黄芩炭(JZ),10g*1包,包,12880
404,黄芩炭(JZ),5g*1包,包,12877
405,黄药子(JZ),5g*1包,包,13041
406,鸡骨草(JZ),15g*1包,包,13043
407,鸡骨草(JZ),10g*1包,包,13044
408,鸡冠花(JZ),10g*1包,包,12886
409,鸡冠花(JZ),5g*1包,包,12883
410,鸡矢藤(JZ),10g*1包,包,12889
411,鸡矢藤(JZ),15g*1包,包,12892
412,鸡血藤(JZ),10g*1包,包,13046
413,鸡血藤(JZ),15g*1包,包,13047
414,见风消(JZ),10g*1包,包,12896
415,姜草果仁(JZ),3g*1包,包,13048
416,姜草果仁(JZ),5g*1包,包,13049
417,姜厚朴（JZ）,5g*1包,包,13255
418,姜厚朴(JZ),10g*1包,包,13260
419,姜黄(JZ),5g*1包,包,12899
420,姜黄(JZ),10g*1包,包,12900
421,姜皮（JZ）,10g*1包,包,13265
422,降香(JZ),5g*1包,包,13051
423,降香(JZ),10g*1包,包,13052
424,椒目(JZ),5g*1包,包,13053
425,绞股蓝(JZ),10g*1包,包,13054
426,金沸草(JZ),5g*1包,包,13055
427,金果榄(JZ),5g*1包,包,12904
428,金果榄(JZ),10g*1包,包,12907
429,金钱草(JZ),10g*1包,包,12911
430,金钱草(JZ),15g*1包,包,12912
431,金银花(JZ),10g*1包,包,12916
432,金银花(JZ),15g*1包,包,12917
433,金银花(JZ),5g*1包,包,14269
434,金银花炭(JZ),5g*1包,包,12918
435,金樱子肉(JZ),5g*1包,包,13057
436,金樱子肉(JZ),10g*1包,包,13058
437,京大戟(JZ),3g*1包,包,12654
438,荆芥(JZ),5g*1包,包,13059
439,荆芥(JZ),10g*1包,包,13060
440,荆芥穗(JZ),10g*1包,包,12633
441,荆芥炭(JZ),10g*1包,包,13061
442,酒苁蓉(JZ),5g*1包,包,13064
443,酒苁蓉(JZ),10g*1包,包,13065
444,酒黄精(JZ),10g*1包,包,12919
445,酒黄精(JZ),15g*1包,包,12920
446,酒女贞子(JZ),10g*1包,包,12921
447,酒女贞子(JZ),15g*1包,包,12922
448,酒乌梢蛇(JZ),5g*1包,包,12923
449,酒乌梢蛇(JZ),10g*1包,包,12924
450,酒萸肉(JZ),5g*1包,包,12925
451,酒萸肉(JZ),10g*1包,包,12926
452,桔梗(JZ),5g*1包,包,13066
453,桔梗(JZ),10g*1包,包,13067
454,桔梗(JZ),3g*1包,包,14270
455,菊花（JZ）,5g*1包,包,13271
456,菊花(JZ),10g*1包,包,13275
457,菊花（杭菊）(JZ),5g*1包,包,13000
458,菊花（杭菊）(JZ),10g*1包,包,13001
459,橘络（JZ）,5g*1包,包,13278
460,橘叶(JZ),10g*1包,包,13068
461,瞿麦(JZ),10g*1包,包,13179
462,瞿麦(JZ),15g*1包,包,13180
463,卷柏(JZ),5g*1包,包,13069
464,枯矾(JZ),15g*1包,包,13070
465,枯矾(JZ),10g*1包,包,13071
466,苦参(JZ),5g*1包,包,13072
467,苦参(JZ),10g*1包,包,13073
468,款冬花(JZ),5g*1包,包,12927
469,款冬花(JZ),10g*1包,包,12928
470,昆布(JZ),10g*1包,包,13074
471,老鹳草(JZ),10g*1包,包,13075
472,雷公藤(JZ),3g*1包,包,13076
473,雷丸(JZ),5g*1包,包,12929
474,连翘(JZ),10g*1包,包,13077
475,连翘(JZ),15g*1包,包,13078
476,连翘(JZ),5g*1包,包,14286
477,莲须（JZ）,5g*1包,包,13281
478,莲须（JZ）,10g*1包,包,13285
479,莲子(JZ),15g*1包,包,13079
480,莲子(JZ),10g*1包,包,13080
481,莲子心(JZ),3g*1包,包,12930
482,莲子心(JZ),5g*1包,包,12931
483,两面针(JZ),5g*1包,包,14271
484,两面针(JZ),10g*1包,包,14272
485,辽藁本片(JZ),5g*1包,包,13081
486,辽藁本片(JZ),10g*1包,包,13082
487,灵芝(JZ),5g*1包,包,13083
488,灵芝(JZ),10g*1包,包,13084
489,凌霄花(JZ),5g*1包,包,13085
490,凌霄花(JZ),10g*1包,包,13086
491,刘寄奴(JZ),5g*1包,包,13087
492,刘寄奴(JZ),10g*1包,包,13088
493,硫黄(JZ),3g*1包,包,12932
494,六月雪(JZ),10g*1包,包,12935
495,龙齿(JZ),10g*1包,包,13089
496,龙齿(JZ),15g*1包,包,13090
497,龙胆(JZ),3g*1包,包,13091
498,龙胆(JZ),5g*1包,包,13092
499,龙葵(JZ),15g*1包,包,13093
500,龙葵(JZ),10g*1包,包,13094
501,龙眼肉(JZ),10g*1包,包,12933
502,龙眼肉(JZ),15g*1包,包,12934
503,漏芦(JZ),10g*1包,包,13292
504,漏芦（JZ）,5g*1包,包,13289
505,芦根(JZ),15g*1包,包,13095
506,芦根(JZ),10g*1包,包,13096
507,鹿角霜(JZ),10g*1包,包,13097
508,鹿角霜(JZ),15g*1包,包,13099
509,鹿衔草（JZ）,15g*1包,包,13302
510,鹿衔草（JZ）,10g*1包,包,13296
511,路路通(JZ),5g*1包,包,13100
512,路路通(JZ),10g*1包,包,13101
513,葎草(JZ),5g*1包,包,12936
514,葎草(JZ),10g*1包,包,12937
515,罗布麻叶(JZ),5g*1包,包,13103
516,罗布麻叶(JZ),10g*1包,包,13104
517,罗汉果(JZ),1个*1包,包,12634
518,络石藤(JZ),5g*1包,包,13105
519,络石藤(JZ),10g*1包,包,13106
520,麻黄(JZ),3g*1包,包,13107
521,麻黄(JZ),5g*1包,包,13108
522,麻黄(JZ),10g*1包,包,13109
523,麻黄根（JZ）,5g*1包,包,13307
524,麻黄根（JZ）,10g*1包,包,13309
525,马鞭草(JZ),5g*1包,包,13110
526,马鞭草(JZ),10g*1包,包,13112
527,马勃(JZ),10g*1包,包,12938
528,马勃(JZ),5g*1包,包,14287
529,马齿苋(JZ),10g*1包,包,13113
530,马齿苋(JZ),15g*1包,包,13114
531,麦冬(JZ),10g*1包,包,12939
532,麦冬(JZ),15g*1包,包,12940
533,麦冬(JZ),5g*1包,包,14273
534,麦芽(JZ),10g*1包,包,12941
535,麦芽(JZ),15g*1包,包,12942
536,猫爪草(JZ),10g*1包,包,12943
537,猫爪草(JZ),15g*1包,包,12944
538,毛冬青(JZ),5g*1包,包,13115
539,毛冬青(JZ),10g*1包,包,13116
540,茅根炭(JZ),10g*1包,包,13118
541,玫瑰花(JZ),5g*1包,包,12945
542,玫瑰花(JZ),10g*1包,包,12946
543,密蒙花(JZ),5g*1包,包,12947
544,密蒙花(JZ),10g*1包,包,12948
545,蜜麻黄(JZ),3g*1包,包,12949
546,蜜麻黄(JZ),5g*1包,包,12950
547,蜜麻黄(JZ),10g*1包,包,12951
548,蜜枇杷叶(JZ),5g*1包,包,12952
549,蜜枇杷叶(JZ),10g*1包,包,12953
550,蜜远志（JZ）,10g*1包,包,13316
551,蜜远志（JZ）,5g*1包,包,13314
552,蜜远志（JZ）,3g*1包,包,14314
553,绵萆薢(JZ),10g*1包,包,12954
554,绵萆薢(JZ),15g*1包,包,12955
555,绵马贯众(JZ),5g*1包,包,13119
556,绵马贯众(JZ),10g*1包,包,13120
557,绵马贯众炭(JZ),5g*1包,包,12901
558,绵马贯众炭(JZ),10g*1包,包,12902
559,明党参(JZ),5g*1包,包,12956
560,明党参(JZ),10g*1包,包,12957
561,墨旱莲(JZ),5g*1包,包,13122
562,墨旱莲(JZ),10g*1包,包,13123
563,牡丹皮(JZ),5g*1包,包,13125
564,牡丹皮(JZ),10g*1包,包,13126
565,牡丹皮(JZ),3g*1包,包,14288
566,牡丹皮炭(JZ),5g*1包,包,12958
567,牡丹皮炭(JZ),10g*1包,包,12959
568,木瓜(JZ),5g*1包,包,13128
569,木瓜(JZ),10g*1包,包,13129
570,木蝴蝶(JZ),3g*1包,包,13130
571,木蝴蝶(JZ),5g*1包,包,13131
572,木槿皮(JZ),10g*1包,包,13133
573,木香(JZ),5g*1包,包,13134
574,木香(JZ),10g*1包,包,13136
575,木香(JZ),3g*1包,包,14293
576,木贼(JZ),5g*1包,包,13137
577,木贼(JZ),10g*1包,包,13138
578,南寒水石(JZ),10g*1包,包,12999
579,南沙参（JZ）,10g*1包,包,13320
580,南沙参（JZ）,15g*1包,包,13323
581,牛膝(JZ),5g*1包,包,12960
582,牛膝(JZ),10g*1包,包,12961
583,藕节(JZ),5g*1包,包,12962
584,藕节(JZ),10g*1包,包,12963
585,胖大海(JZ),5g*1包,包,13139
586,胖大海(JZ),10g*1包,包,13141
587,炮姜(JZ),5g*1包,包,13143
588,炮姜(JZ),10g*1包,包,13144
589,佩兰(JZ),5g*1包,包,13146
590,佩兰(JZ),10g*1包,包,13147
591,枇杷叶（JZ）,5g*1包,包,13325
592,枇杷叶(JZ),10g*1包,包,13328
593,片姜黄(JZ),5g*1包,包,13148
594,片姜黄(JZ),10g*1包,包,13149
595,蒲公英(JZ),10g*1包,包,12964
596,蒲公英(JZ),15g*1包,包,12965
597,蒲公英(JZ),5g*1包,包,14289
598,蒲黄(JZ),10g*1包,包,13151
599,蒲黄(JZ),15g*1包,包,13152
600,蒲黄炭(JZ),10g*1包,包,12966
601,蒲黄炭(JZ),15g*1包,包,12967
602,千里光(JZ),10g*1包,包,12968
603,千年健(JZ),5g*1包,包,13154
604,千年健(JZ),10g*1包,包,13155
605,前胡(JZ),5g*1包,包,12636
606,前胡(JZ),10g*1包,包,12637
607,芡实(JZ),10g*1包,包,13157
608,芡实(JZ),15g*1包,包,13158
609,茜草(JZ),5g*1包,包,13159
610,茜草(JZ),10g*1包,包,13161
611,茜草炭(JZ),5g*1包,包,13162
612,茜草炭(JZ),10g*1包,包,13163
613,羌活(JZ),5g*1包,包,13165
614,羌活(JZ),10g*1包,包,13166
615,秦艽（JZ）,5g*1包,包,13331
616,秦艽（JZ）,10g*1包,包,13334
617,秦皮(JZ),5g*1包,包,13168
618,秦皮(JZ),10g*1包,包,13169
619,青风藤(JZ),10g*1包,包,13171
620,青风藤(JZ),15g*1包,包,13172
621,青蒿(JZ),5g*1包,包,13174
622,青蒿(JZ),10g*1包,包,13175
623,青葙子（JZ）,10g*1包,包,13339
624,苘麻子(JZ),5g*1包,包,13177
625,全蝎(JZ),3g*1包,包,12969
626,全蝎(JZ),5g*1包,包,12970
627,人参花(JZ),5g*1包,包,14274
628,人参花(JZ),10g*1包,包,14275
629,人参片(JZ),5g*1包,包,12971
630,人参片(JZ),10g*1包,包,12972
631,人参须(JZ),5g*1包,包,13181
632,人参须(JZ),10g*1包,包,13182
633,忍冬藤(JZ),10g*1包,包,13183
634,忍冬藤(JZ),15g*1包,包,13184
635,肉豆蔻霜(JZ),5g*1包,包,13186
636,肉豆蔻霜(JZ),10g*1包,包,13187
637,肉桂(JZ),3g*1包,包,13189
638,三七粉(JZ),5g*1包,包,13190
639,三七粉(JZ),10g*1包,包,13192
640,三七粉(JZ),1g*1包,包,14276
641,三七花(JZ),5g*1包,包,13193
642,三七花(JZ),10g*1包,包,13194
643,桑白皮(JZ),5g*1包,包,13196
644,桑白皮(JZ),10g*1包,包,13197
645,桑寄生(JZ),10g*1包,包,13199
646,桑寄生(JZ),15g*1包,包,13200
647,桑螵蛸(JZ),5g*1包,包,12973
648,桑螵蛸(JZ),10g*1包,包,12974
649,桑椹(JZ),10g*1包,包,12975
650,桑椹(JZ),15g*1包,包,12976
651,桑叶(JZ),5g*1包,包,12977
652,桑叶(JZ),10g*1包,包,12978
653,桑枝(JZ),10g*1包,包,13201
654,桑枝(JZ),15g*1包,包,13202
655,桑枝(JZ),3g*1包,包,14294
656,砂炒刺猬皮(JZ),10g*1包,包,12691
657,砂仁(JZ),5g*1包,包,12979
658,砂仁(JZ),10g*1包,包,12980
659,砂仁(JZ),3g*1包,包,14303
660,山慈菇（JZ）,3g*1包,包,13341
661,山慈菇（JZ）,5g*1包,包,13342
662,山慈菇（JZ）,10g*1包,包,13343
663,山豆根(JZ),3g*1包,包,12981
664,山豆根(JZ),5g*1包,包,12982
665,山柰(JZ),10g*1包,包,12983
666,山药(JZ),10g*1包,包,12984
667,山药(JZ),15g*1包,包,12985
668,山药(JZ),5g*1包,包,14304
669,山银花(JZ),10g*1包,包,13205
670,山银花(JZ),15g*1包,包,13206
671,山楂(JZ),10g*1包,包,13062
672,山楂(JZ),15g*1包,包,13063
673,山楂(JZ),5g*1包,包,14277
674,山楂炭(JZ),10g*1包,包,13208
675,山楂炭(JZ),15g*1包,包,13209
676,蛇床子(JZ),5g*1包,包,13211
677,蛇床子(JZ),10g*1包,包,13212
678,蛇六谷(JZ),5g*1包,包,14305
679,蛇六谷(JZ),10g*1包,包,14306
680,蛇蜕(JZ),3g*1包,包,12638
681,射干(JZ),10g*1包,包,13216
682,射干(JZ),5g*1包,包,13214
683,伸筋草(JZ),5g*1包,包,13217
684,伸筋草(JZ),10g*1包,包,13218
685,升麻（JZ）,5g*1包,包,13344
686,升麻（JZ）,10g*1包,包,13345
687,生地黄(JZ),5g*1包,包,14295
688,生地黄(JZ),10g*1包,包,13220
689,生地黄(JZ),15g*1包,包,13221
690,生地黄炭(JZ),10g*1包,包,13222
691,生地黄炭(JZ),15g*1包,包,13224
692,生龙骨（JZ）,10g*1包,包,13346
693,生牡蛎(JZ),10g*1包,包,13225
694,生牡蛎(JZ),15g*1包,包,13227
695,生石膏(JZ),10g*1包,包,13228
696,生石膏(JZ),15g*1包,包,13229
697,石菖蒲(JZ),5g*1包,包,12986
698,石菖蒲（JZ）,10g*1包,包,13460
699,石斛（JZ）,10g*1包,包,13232
700,石斛（JZ）,5g*1包,包,13226
701,石见穿(JZ),5g*1包,包,13230
702,石见穿(JZ),10g*1包,包,13231
703,石莲子(JZ),10g*1包,包,14315
704,石莲子(JZ),5g*1包,包,14307
705,石榴皮(JZ),10g*1包,包,13233
706,石上柏（JZ）,10g*1包,包,13347
707,石韦(JZ),5g*1包,包,13234
708,石韦(JZ),10g*1包,包,13235
709,柿蒂（JZ）,5g*1包,包,13348
710,柿蒂（JZ）,10g*1包,包,13349
711,首乌藤（JZ）,15g*1包,包,13350
712,首乌藤（JZ）,10g*1包,包,13351
713,熟大黄(JZ),5g*1包,包,12987
714,熟大黄(JZ),10g*1包,包,12988
715,熟地黄(JZ),10g*1包,包,13237
716,熟地黄(JZ),15g*1包,包,13238
717,熟地黄(JZ),5g*1包,包,14308
718,熟地黄炭(JZ),10g*1包,包,13239
719,水牛角(JZ),10g*1包,包,13241
720,水牛角(JZ),15g*1包,包,13243
721,丝瓜络（JZ）,10g*1包,包,13352
722,丝瓜络(JZ),5g*1包,包,14282
723,苏木(JZ),5g*1包,包,13244
724,苏木(JZ),10g*1包,包,13245
725,娑罗子(JZ),10g*1包,包,13249
726,娑罗子(JZ),5g*1包,包,13247
727,锁阳(JZ),5g*1包,包,12639
728,锁阳(JZ),10g*1包,包,12640
729,太子参(JZ),10g*1包,包,13250
730,太子参(JZ),15g*1包,包,13252
731,太子参(JZ),30g*1包,包,14290
732,檀香(JZ),3g*1包,包,13253
733,檀香(JZ),5g*1包,包,13254
734,烫狗脊(JZ),5g*1包,包,12990
735,烫狗脊(JZ),10g*1包,包,12991
736,烫骨碎补(JZ),10g*1包,包,12992
737,烫骨碎补(JZ),15g*1包,包,12993
738,烫水蛭(JZ),3g*1包,包,12994
739,烫水蛭(JZ),5g*1包,包,12995
740,天冬(JZ),5g*1包,包,12996
741,天冬(JZ),10g*1包,包,12997
742,天花粉(JZ),15g*1包,包,13256
743,天花粉(JZ),10g*1包,包,13257
744,天葵子（JZ),5g*1包,包,13373
745,天葵子（JZ),10g*1包,包,13374
746,天麻(JZ),5g*1包,包,13258
747,天麻(JZ),10g*1包,包,13259
748,甜叶菊（JZ）,3g*1包,包,13375
749,铁皮石斛（JZ）,5g*1包,包,13376
750,铁皮石斛（JZ）,10g*1包,包,13377
751,土贝母(JZ),5g*1包,包,13261
752,土贝母(JZ),10g*1包,包,13262
753,土鳖虫(JZ),5g*1包,包,13263
754,土鳖虫(JZ),10g*1包,包,13264
755,土炒白术（JZ）,5g*1包,包,13353
756,土炒白术（JZ）,10g*1包,包,13354
757,土茯苓（JZ）,10g*1包,包,13378
758,土茯苓（JZ）,15g*1包,包,13379
759,土荆皮（JZ）,10g*1包,包,13355
760,土牛膝（JZ）,10g*1包,包,13380
761,威灵仙(JZ),10g*1包,包,13266
762,威灵仙(JZ),15g*1包,包,13267
763,乌梅(JZ),5g*1包,包,13268
764,乌梅(JZ),10g*1包,包,13269
765,乌梅炭(JZ),5g*1包,包,13270
766,乌梅炭(JZ),10g*1包,包,13272
767,蜈蚣（JZ）,1条*1包,包,13381
768,五倍子（JZ）,5g*1包,包,13356
769,五加皮(JZ),5g*1包,包,13273
770,五加皮(JZ),10g*1包,包,13274
771,西青果(JZ),5g*1包,包,13276
772,西青果(JZ),10g*1包,包,13277
773,西洋参片（JZ）,3g*1包,包,13382
774,西洋参片（JZ）,5g*1包,包,13383
775,豨莶草(JZ),10g*1包,包,13279
776,豨莶草(JZ),15g*1包,包,13280
777,细辛（JZ）,3g*1包,包,13384
778,细辛（JZ）,5g*1包,包,13385
779,夏枯草(JZ),10g*1包,包,13282
780,夏枯草(JZ),15g*1包,包,13283
781,仙鹤草(JZ),5g*1包,包,13284
782,仙鹤草(JZ),10g*1包,包,13286
783,仙茅(JZ),5g*1包,包,13287
784,仙茅(JZ),10g*1包,包,13288
785,香加皮(JZ),5g*1包,包,13290
786,香薷(JZ),5g*1包,包,13291
787,香薷(JZ),10g*1包,包,13293
788,香橼(JZ),5g*1包,包,12642
789,香橼(JZ),10g*1包,包,12643
790,小蓟(JZ),5g*1包,包,13294
791,小蓟(JZ),10g*1包,包,13295
792,小通草（JZ）,5g*1包,包,13386
793,小通草（JZ）,10g*1包,包,13387
794,薤白(JZ),5g*1包,包,13297
795,薤白(JZ),10g*1包,包,13298
796,辛夷（JZ）,5g*1包,包,13357
797,辛夷（JZ）,10g*1包,包,13358
798,徐长卿(JZ),5g*1包,包,13299
799,徐长卿(JZ),10g*1包,包,13300
800,续断(JZ),10g*1包,包,13301
801,续断(JZ),15g*1包,包,13303
802,续断炭（JZ）,10g*1包,包,13388
803,续断炭（JZ）,15g*1包,包,13389
804,玄参(JZ),10g*1包,包,13304
805,玄参(JZ),15g*1包,包,13305
806,玄参(JZ),5g*1包,包,14296
807,玄明粉(JZ),10g*1包,包,13359
808,旋覆花(JZ),6g*1包,包,13360
809,旋覆花(JZ),10g*1包,包,13361
810,雪莲花(JZ),5g*1包,包,14297
811,雪莲花(JZ),10g*1包,包,14298
812,血余炭(JZ),10g*1包,包,13306
813,血余炭(JZ),15g*1包,包,13308
814,寻骨风(JZ),10g*1包,包,13362
815,盐巴戟天(JZ),5g*1包,包,13310
816,盐巴戟天(JZ),10g*1包,包,13311
817,盐补骨脂(JZ),5g*1包,包,13312
818,盐补骨脂(JZ),10g*1包,包,13313
819,盐车前子(JZ),10g*1包,包,13317
820,盐车前子(JZ),15g*1包,包,13318
821,盐车前子(JZ),5g*1包,包,13315
822,盐杜仲（JZ）,10g*1包,包,13390
823,盐杜仲（JZ）,15g*1包,包,13391
824,盐胡芦巴(JZ),10g*1包,包,13321
825,盐胡芦巴(JZ),5g*1包,包,13319
826,盐韭菜子(JZ),5g*1包,包,13322
827,盐韭菜子(JZ),10g*1包,包,13324
828,盐橘核(JZ),5g*1包,包,13326
829,盐橘核(JZ),10g*1包,包,13327
830,盐荔枝核(JZ),5g*1包,包,13329
831,盐荔枝核(JZ),10g*1包,包,13330
832,盐沙苑子(JZ),15g*1包,包,13332
833,盐沙苑子(JZ),10g*1包,包,13333
834,盐菟丝子(JZ),6g*1包,包,13335
835,盐菟丝子(JZ),10g*1包,包,13336
836,盐菟丝子(JZ),15g*1包,包,13337
837,盐小茴香(JZ),5g*1包,包,13338
838,盐小茴香(JZ),3g*1包,包,14278
839,盐小茴香(JZ),10g*1包,包,13340
840,盐益智仁（JZ）,5g*1包,包,13363
841,盐益智仁（JZ）,10g*1包,包,13364
842,盐泽泻（JZ）,5g*1包,包,13416
843,盐泽泻（JZ）,10g*1包,包,13417
844,盐知母(JZ),5g*1包,包,13418
845,盐知母(JZ),10g*1包,包,13419
846,阳起石(JZ),10g*1包,包,13420
847,野菊花（JZ）,5g*1包,包,13392
848,野菊花（JZ）,10g*1包,包,13393
849,夜明砂（JZ）,15g*1包,包,13365
850,益母草(JZ),10g*1包,包,12878
851,益母草(JZ),15g*1包,包,12879
852,薏苡仁(JZ),10g*1包,包,13421
853,薏苡仁(JZ),15g*1包,包,13422
854,茵陈(JZ),5g*1包,包,14291
855,茵陈（JZ）,10g*1包,包,13394
856,茵陈（JZ）,15g*1包,包,13395
857,淫羊藿（JZ）,5g*1包,包,13396
858,淫羊藿（JZ）,10g*1包,包,13397
859,银柴胡(JZ),5g*1包,包,13423
860,银柴胡(JZ),10g*1包,包,13424
861,鱼腥草(JZ),10g*1包,包,12881
862,鱼腥草(JZ),15g*1包,包,12882
863,玉米须(JZ),15g*1包,包,13425
864,玉竹（JZ）,5g*1包,包,13366
865,玉竹（JZ）,10g*1包,包,13367
866,郁金(JZ),5g*1包,包,13426
867,郁金(JZ),10g*1包,包,13427
868,郁李仁（JZ）,5g*1包,包,13398
869,郁李仁（JZ）,10g*1包,包,13399
870,预知子(JZ),5g*1包,包,13428
871,预知子(JZ),10g*1包,包,13429
872,月季花（JZ）,3g*1包,包,13400
873,月季花（JZ）,5g*1包,包,13401
874,云芝（JZ）,5g*1包,包,13402
875,云芝（JZ）,10g*1包,包,13403
876,皂角刺(JZ),5g*1包,包,13430
877,皂角刺(JZ),10g*1包,包,13431
878,泽兰(JZ),5g*1包,包,13432
879,泽兰(JZ),10g*1包,包,13433
880,浙贝母（JZ）,5g*1包,包,13404
881,浙贝母（JZ）,10g*1包,包,13405
882,栀子（JZ）,5g*1包,包,13406
883,栀子（JZ）,10g*1包,包,13407
884,枳椇子(JZ),10g*1包,包,13434
885,制白附子（JZ）,3g*1包,包,13408
886,制白附子（JZ）,5g*1包,包,13409
887,制草乌(JZ),3g*1包,包,13435
888,制川乌(JZ),3g*1包,包,13436
889,制何首乌（JZ）,5g*1包,包,13410
890,制何首乌（JZ）,10g*1包,包,13411
891,制青钱柳（JZ）,10g*1包,包,13412
892,制天南星（JZ）,5g*1包,包,13413
893,制天南星（JZ）,10g*1包,包,13414
894,制吴茱萸(JZ),3g*1包,包,13437
895,制吴茱萸(JZ),5g*1包,包,13438
896,炙甘草(JZ),5g*1包,包,13439
897,炙甘草(JZ),10g*1包,包,13440
898,炙黄芪(JZ),5g*1包,包,13441
899,炙黄芪(JZ),10g*1包,包,13442
900,重楼(JZ),5g*1包,包,13443
901,重楼(JZ),10g*1包,包,13444
902,猪苓（JZ）,5g*1包,包,13368
903,猪苓（JZ）,10g*1包,包,13369
904,猪牙皂(JZ),10g*1包,包,13445
905,竹茹(JZ),5g*1包,包,13446
906,竹茹(JZ),10g*1包,包,13447
907,紫贝齿(JZ),10g*1包,包,12645
908,紫草（JZ）,5g*1包,包,13370
909,紫草（JZ）,10g*1包,包,13371
910,紫河车（JZ）,3g*1包,包,13372
911,紫花地丁(JZ),10g*1包,包,13448
912,紫花地丁(JZ),15g*1包,包,13449
913,紫荆皮(JZ),10g*1包,包,13450
914,紫苏梗(JZ),5g*1包,包,13451
915,紫苏梗(JZ),10g*1包,包,13452
916,紫苏叶(JZ）,5g*1包,包,13453
917,紫苏叶(JZ),10g*1包,包,13454
918,紫菀(JZ),5g*1包,包,13455
919,紫菀(JZ),10g*1包,包,13456
920,棕榈炭(JZ),5g*1包,包,13457
